{"cameraMode":{"drawMode":0,"name":"Shaded","section":"Shading Mode"},"sceneLighting":false,"audioPlay":false,"sceneViewState":{"showFog":true,"showMaterialUpdate":false,"showSkybox":false,"showFlares":true,"showImageEffects":true,"showParticleSystems":true},"in2DMode":false,"pivot":{"x":0.45551741123199465,"y":-0.6575815677642822,"z":6.190476894378662},"rotation":{"x":-0.12433715164661408,"y":0.87514728307724,"z":-0.3463118076324463,"w":-0.3142068684101105},"size":1.3406357765197755,"orthographic":false}